Workbook

Sheet Instruções
A1: Planilha de julgamento — spike de seleção de Shorts
A3: Objetivo: provar que o modelo NÃO apresenta como bom um trecho teologicamente quebrado.
A5: Como usar:
A6: 1. Rode o prompt de seleção em 5 sermões reais (inclua os difíceis: posição refutada, muita citação bíblica, ressalvas).
A7: 2. Para cada candidato que o modelo devolver, preencha UMA linha na aba 'Julgamento'.
A8: 3. As colunas amarelas são as que você preenche. As colunas do modelo (fidelidade e total) copie do JSON.
A9: 4. O julgamento do pastor é o que decide: a última pergunta, 'PUBLICARIA?', é o veredito.
A10: Dica: julgue olhando o trecho, sem se deixar levar pela nota que o modelo deu.
A11: 5. Na aba 'Resumo', digite o nome de cada sermão testado. O resto é calculado sozinho.
A13: Como ler o resultado (aba Resumo):
A14: • % de sermões com pelo menos 1 candidato aprovado — casa com o MVP (basta 1 bom Short por culto).
A15: • Violações RN-027 que apareceram como candidato nº 1 — o erro mais grave. O ideal é ZERO.
... A21: Antes de usar com dados reais: a aba 'Julgamento' tem UMA linha de exemplo (cinza). Apague-a.

Sheet Julgamento
A1: Sermão | B1: Cand. nº | C1: Início–Fim | D1: Hook (frase inicial) | E1: Fidelidade (modelo, 0-30) | F1: Total (modelo, 0-100) | G1: RN-026 Citação bíblica OK? | H1: RN-027 Não é posição refutada? | I1: RN-028 Ressalvas preservadas? | J1: Completo e compreensível isolado? | K1: Timestamps corretos? | L1: PUBLICARIA? | M1: Observações
A2: EXEMPLO — Fé e obras | B2: 1 | C2: 00:12:04.200–00:12:58.900 | D2: Você acha que suas obras te salvam? | E2: 12 | F2: 71 | G2: Sim | H2: Não | I2: Sim | J2: Sim | K2: Sim | L2: Não | M2: Cortou o 'mas' — virou 'suas obras te salvam'. Posição refutada sem a refutação (RN-027).

Sheet Resumo
A1: Resumo do spike
A3: Por sermão (digite o nome EXATO como está na aba Julgamento)
A4: Sermão | B4: Candidatos julgados | C4: Aprovados | D4: Tem ≥1 aprovado? | E4: Violação RN-027 no nº 1?
B5: =IF($A5="","—",COUNTIF(Julgamento!$A$3:$A$200,$A5)) -> — | C5: =IF($A5="","—",COUNTIFS(Julgamento!$A$3:$A$200,$A5,Julgamento!$L$3:$L$200,"Sim")) -> — | D5: =IF($A5="","—",IF(COUNTIFS(Julgamento!$A$3:$A$200,$A5,Julgamento!$L$3:$L$200,"Sim")>0,"Sim","Não")) -> — | E5: =IF($A5="","—",IF(COUNTIFS(Julgamento!$A$3:$A$200,$A5,Julgamento!$B$3:$B$200,1,Julgamento!$H$3:$H$200,"Não")>0,"Sim","Não")) -> —
B6: =IF($A6="","—",COUNTIF(Julgamento!$A$3:$A$200,$A6)) -> — | C6: =IF($A6="","—",COUNTIFS(Julgamento!$A$3:$A$200,$A6,Julgamento!$L$3:$L$200,"Sim")) -> — | D6: =IF($A6="","—",IF(COUNTIFS(Julgamento!$A$3:$A$200,$A6,Julgamento!$L$3:$L$200,"Sim")>0,"Sim","Não")) -> — | E6: =IF($A6="","—",IF(COUNTIFS(Julgamento!$A$3:$A$200,$A6,Julgamento!$B$3:$B$200,1,Julgamento!$H$3:$H$200,"Não")>0,"Sim","Não")) -> —
B7: =IF($A7="","—",COUNTIF(Julgamento!$A$3:$A$200,$A7)) -> — | C7: =IF($A7="","—",COUNTIFS(Julgamento!$A$3:$A$200,$A7,Julgamento!$L$3:$L$200,"Sim")) -> — | D7: =IF($A7="","—",IF(COUNTIFS(Julgamento!$A$3:$A$200,$A7,Julgamento!$L$3:$L$200,"Sim")>0,"Sim","Não")) -> — | E7: =IF($A7="","—",IF(COUNTIFS(Julgamento!$A$3:$A$200,$A7,Julgamento!$B$3:$B$200,1,Julgamento!$H$3:$H$200,"Não")>0,"Sim","Não")) -> —
B8: =IF($A8="","—",COUNTIF(Julgamento!$A$3:$A$200,$A8)) -> — | C8: =IF($A8="","—",COUNTIFS(Julgamento!$A$3:$A$200,$A8,Julgamento!$L$3:$L$200,"Sim")) -> — | D8: =IF($A8="","—",IF(COUNTIFS(Julgamento!$A$3:$A$200,$A8,Julgamento!$L$3:$L$200,"Sim")>0,"Sim","Não")) -> — | E8: =IF($A8="","—",IF(COUNTIFS(Julgamento!$A$3:$A$200,$A8,Julgamento!$B$3:$B$200,1,Julgamento!$H$3:$H$200,"Não")>0,"Sim","Não")) -> —
B9: =IF($A9="","—",COUNTIF(Julgamento!$A$3:$A$200,$A9)) -> — | C9: =IF($A9="","—",COUNTIFS(Julgamento!$A$3:$A$200,$A9,Julgamento!$L$3:$L$200,"Sim")) -> — | D9: =IF($A9="","—",IF(COUNTIFS(Julgamento!$A$3:$A$200,$A9,Julgamento!$L$3:$L$200,"Sim")>0,"Sim","Não")) -> — | E9: =IF($A9="","—",IF(COUNTIFS(Julgamento!$A$3:$A$200,$A9,Julgamento!$B$3:$B$200,1,Julgamento!$H$3:$H$200,"Não")>0,"Sim","Não")) -> —
B10: =IF($A10="","—",COUNTIF(Julgamento!$A$3:$A$200,$A10)) -> — | C10: =IF($A10="","—",COUNTIFS(Julgamento!$A$3:$A$200,$A10,Julgamento!$L$3:$L$200,"Sim")) -> — | D10: =IF($A10="","—",IF(COUNTIFS(Julgamento!$A$3:$A$200,$A10,Julgamento!$L$3:$L$200,"Sim")>0,"Sim","Não")) -> — | E10: =IF($A10="","—",IF(COUNTIFS(Julgamento!$A$3:$A$200,$A10,Julgamento!$B$3:$B$200,1,Julgamento!$H$3:$H$200,"Não")>0,"Sim","Não")) -> —
B11: =IF($A11="","—",COUNTIF(Julgamento!$A$3:$A$200,$A11)) -> — | C11: =IF($A11="","—",COUNTIFS(Julgamento!$A$3:$A$200,$A11,Julgamento!$L$3:$L$200,"Sim")) -> — | D11: =IF($A11="","—",IF(COUNTIFS(Julgamento!$A$3:$A$200,$A11,Julgamento!$L$3:$L$200,"Sim")>0,"Sim","Não")) -> — | E11: =IF($A11="","—",IF(COUNTIFS(Julgamento!$A$3:$A$200,$A11,Julgamento!$B$3:$B$200,1,Julgamento!$H$3:$H$200,"Não")>0,"Sim","Não")) -> —
B12: =IF($A12="","—",COUNTIF(Julgamento!$A$3:$A$200,$A12)) -> — | C12: =IF($A12="","—",COUNTIFS(Julgamento!$A$3:$A$200,$A12,Julgamento!$L$3:$L$200,"Sim")) -> — | D12: =IF($A12="","—",IF(COUNTIFS(Julgamento!$A$3:$A$200,$A12,Julgamento!$L$3:$L$200,"Sim")>0,"Sim","Não")) -> — | E12: =IF($A12="","—",IF(COUNTIFS(Julgamento!$A$3:$A$200,$A12,Julgamento!$B$3:$B$200,1,Julgamento!$H$3:$H$200,"Não")>0,"Sim","Não")) -> —
B13: =IF($A13="","—",COUNTIF(Julgamento!$A$3:$A$200,$A13)) -> — | C13: =IF($A13="","—",COUNTIFS(Julgamento!$A$3:$A$200,$A13,Julgamento!$L$3:$L$200,"Sim")) -> — | D13: =IF($A13="","—",IF(COUNTIFS(Julgamento!$A$3:$A$200,$A13,Julgamento!$L$3:$L$200,"Sim")>0,"Sim","Não")) -> — | E13: =IF($A13="","—",IF(COUNTIFS(Julgamento!$A$3:$A$200,$A13,Julgamento!$B$3:$B$200,1,Julgamento!$H$3:$H$200,"Não")>0,"Sim","Não")) -> —
B14: =IF($A14="","—",COUNTIF(Julgamento!$A$3:$A$200,$A14)) -> — | C14: =IF($A14="","—",COUNTIFS(Julgamento!$A$3:$A$200,$A14,Julgamento!$L$3:$L$200,"Sim")) -> — | D14: =IF($A14="","—",IF(COUNTIFS(Julgamento!$A$3:$A$200,$A14,Julgamento!$L$3:$L$200,"Sim")>0,"Sim","Não")) -> — | E14: =IF($A14="","—",IF(COUNTIFS(Julgamento!$A$3:$A$200,$A14,Julgamento!$B$3:$B$200,1,Julgamento!$H$3:$H$200,"Não")>0,"Sim","Não")) -> —
A16: Resumo global
A17: Sermões testados | B17: =COUNTA(A5:A14) -> 0
A18: Sermões com ≥1 aprovado | B18: =COUNTIF(D5:D14,"Sim") -> 0
A19: % com ≥1 aprovado | B19: =IFERROR(B18/B17,"—") -> —
A20: Violações RN-027 como candidato nº 1 | B20: =COUNTIF(E5:E14,"Sim") -> 0
A21: Média de fidelidade — APROVADOS | B21: =IFERROR(AVERAGEIFS(Julgamento!E3:E200,Julgamento!L3:L200,"Sim"),"—") -> —
A22: Média de fidelidade — REPROVADOS | B22: =IFERROR(AVERAGEIFS(Julgamento!E3:E200,Julgamento!L3:L200,"Não"),"—") -> —
A24: Critério de corte (defina ANTES de rodar o teste)
A25: Mín. de sermões com ≥1 aprovado | B25: 0.8
A26: Máx. de violações RN-027 como nº 1 | B26: 0
A28: VEREDITO | B28: =IF(B17=0,"— (preencha os sermões testados)",IFERROR(IF(AND(B19>=B25,B20<=B26),"VIÁVEL — seguir para a Especificação Funcional","REVISAR — ajustar prompt/modelo antes"),"—")) -> — (preencha os sermões testados)
A30: Leitura da fidelidade: se a média dos APROVADOS for claramente maior que a dos REPROVADOS, a nota do modelo é confiável e o veto da RN-029 funciona.
